<?xml version="1.0" encoding="UTF-8"?>
<beans xmlns="http://www.springframework.org/schema/beans"
       xmlns:xsi="http://www.w3.org/2001/XMLSchema-instance"
       xmlns:dubbo="http://code.alibabatech.com/schema/dubbo"
       xsi:schemaLocation="http://www.springframework.org/schema/beans
        http://www.springframework.org/schema/beans/spring-beans.xsd
        http://code.alibabatech.com/schema/dubbo
        http://code.alibabatech.com/schema/dubbo/dubbo.xsd ">

    <dubbo:registry file="./zheng-api-dubbo.cache" address="zookeeper://zkserver:2181"/>

    <!-- 订阅服务 -->
    <dubbo:consumer check="false"/>

    <!--&lt;!&ndash; 系统 &ndash;&gt;-->
    <!--<dubbo:reference id="upmsSystemService" interface="com.zheng.upms.rpc.api.UpmsSystemService" mock="true"/>-->
    <!--&lt;!&ndash; 组织 &ndash;&gt;-->
    <!--<dubbo:reference id="upmsOrganizationService" interface="com.zheng.upms.rpc.api.UpmsOrganizationService" mock="true"/>-->
    <!--&lt;!&ndash; 用户 &ndash;&gt;-->
    <!--<dubbo:reference id="upmsUserService" interface="com.zheng.upms.rpc.api.UpmsUserService" mock="true"/>-->
    <!--&lt;!&ndash; 角色 &ndash;&gt;-->
    <!--<dubbo:reference id="upmsRoleService" interface="com.zheng.upms.rpc.api.UpmsRoleService" mock="true"/>-->
    <!--&lt;!&ndash; 权限 &ndash;&gt;-->
    <!--<dubbo:reference id="upmsPermissionService" interface="com.zheng.upms.rpc.api.UpmsPermissionService" mock="true"/>-->
    <!--&lt;!&ndash; 接口服务 &ndash;&gt;-->
    <!--<dubbo:reference id="upmsApiService" interface="com.zheng.upms.rpc.api.UpmsApiService" mock="true"/>-->

    <!--&lt;!&ndash; 文章 &ndash;&gt;-->
    <!--<dubbo:reference id="cmsArticleService" interface="com.zheng.cms.rpc.api.CmsArticleService" mock="true"/>-->
    <!--&lt;!&ndash; 类目 &ndash;&gt;-->
    <!--<dubbo:reference id="cmsCategoryService" interface="com.zheng.cms.rpc.api.CmsCategoryService" mock="true"/>-->
    <!--&lt;!&ndash; 评论 &ndash;&gt;-->
    <!--<dubbo:reference id="cmsCommentService" interface="com.zheng.cms.rpc.api.CmsCommentService" mock="true"/>-->
    <!--&lt;!&ndash; 标签 &ndash;&gt;-->
    <!--<dubbo:reference id="cmsTagService" interface="com.zheng.cms.rpc.api.CmsTagService" mock="true"/>-->

</beans>