<?xml version="1.0" encoding="UTF-8"?>
<beans xmlns="http://www.springframework.org/schema/beans"
	   xmlns:xsi="http://www.w3.org/2001/XMLSchema-instance"
	   xmlns:context="http://www.springframework.org/schema/context"
	   xsi:schemaLocation="http://www.springframework.org/schema/beans http://www.springframework.org/schema/beans/spring-beans-3.0.xsd http://www.springframework.org/schema/context http://www.springframework.org/schema/context/spring-context.xsd">

	<description>zheng-oss-sdk</description>

	<context:property-placeholder location="classpath*:config.properties"/>

	<!-- 阿里云OSS -->
	<bean id="aliyunOssClient" class="com.aliyun.oss.OSSClient">
		<constructor-arg value="${aliyun.oss.endpoint}"/>
		<constructor-arg value="${aliyun.oss.accessKeyId}"/>
		<constructor-arg value="${aliyun.oss.accessKeySecret}"/>
	</bean>

</beans>