<?xml version="1.0" encoding="UTF-8"?>
<!DOCTYPE mapper PUBLIC "-//mybatis.org//DTD Mapper 3.0//EN" "http://mybatis.org/dtd/mybatis-3-mapper.dtd">
<mapper namespace="com.zheng.cms.dao.mapper.CmsCategoryTagMapper">
  <resultMap id="BaseResultMap" type="com.zheng.cms.dao.model.CmsCategoryTag">
    <id column="category_tag_id" jdbcType="INTEGER" property="categoryTagId" />
    <result column="category_id" jdbcType="INTEGER" property="categoryId" />
    <result column="tag_id" jdbcType="INTEGER" property="tagId" />
  </resultMap>
  <sql id="Example_Where_Clause">
    <where>
      <foreach collection="oredCriteria" item="criteria" separator="or">
        <if test="criteria.valid">
          <trim prefix="(" prefixOverrides="and" suffix=")">
            <foreach collection="criteria.criteria" item="criterion">
              <choose>
                <when test="criterion.noValue">
                  and ${criterion.condition}
                </when>
                <when test="criterion.singleValue">
                  and ${criterion.condition} #{criterion.value}
                </when>
                <when test="criterion.betweenValue">
                  and ${criterion.condition} #{criterion.value} and #{criterion.secondValue}
                </when>
                <when test="criterion.listValue">
                  and ${criterion.condition}
                  <foreach close=")" collection="criterion.value" item="listItem" open="(" separator=",">
                    #{listItem}
                  </foreach>
                </when>
              </choose>
            </foreach>
          </trim>
        </if>
      </foreach>
    </where>
  </sql>
  <sql id="Update_By_Example_Where_Clause">
    <where>
      <foreach collection="example.oredCriteria" item="criteria" separator="or">
        <if test="criteria.valid">
          <trim prefix="(" prefixOverrides="and" suffix=")">
            <foreach collection="criteria.criteria" item="criterion">
              <choose>
                <when test="criterion.noValue">
                  and ${criterion.condition}
                </when>
                <when test="criterion.singleValue">
                  and ${criterion.condition} #{criterion.value}
                </when>
                <when test="criterion.betweenValue">
                  and ${criterion.condition} #{criterion.value} and #{criterion.secondValue}
                </when>
                <when test="criterion.listValue">
                  and ${criterion.condition}
                  <foreach close=")" collection="criterion.value" item="listItem" open="(" separator=",">
                    #{listItem}
                  </foreach>
                </when>
              </choose>
            </foreach>
          </trim>
        </if>
      </foreach>
    </where>
  </sql>
  <sql id="Base_Column_List">
    category_tag_id, category_id, tag_id
  </sql>
  <select id="selectByExample" parameterType="com.zheng.cms.dao.model.CmsCategoryTagExample" resultMap="BaseResultMap">
    select
    <if test="distinct">
      distinct
    </if>
    <include refid="Base_Column_List" />
    from cms_category_tag
    <if test="_parameter != null">
      <include refid="Example_Where_Clause" />
    </if>
    <if test="orderByClause != null">
      order by ${orderByClause}
    </if>
  </select>
  <select id="selectByPrimaryKey" parameterType="java.lang.Integer" resultMap="BaseResultMap">
    select 
    <include refid="Base_Column_List" />
    from cms_category_tag
    where category_tag_id = #{categoryTagId,jdbcType=INTEGER}
  </select>
  <delete id="deleteByPrimaryKey" parameterType="java.lang.Integer">
    delete from cms_category_tag
    where category_tag_id = #{categoryTagId,jdbcType=INTEGER}
  </delete>
  <delete id="deleteByExample" parameterType="com.zheng.cms.dao.model.CmsCategoryTagExample">
    delete from cms_category_tag
    <if test="_parameter != null">
      <include refid="Example_Where_Clause" />
    </if>
  </delete>
  <insert id="insert" parameterType="com.zheng.cms.dao.model.CmsCategoryTag">
    insert into cms_category_tag (category_tag_id, category_id, tag_id
      )
    values (#{categoryTagId,jdbcType=INTEGER}, #{categoryId,jdbcType=INTEGER}, #{tagId,jdbcType=INTEGER}
      )
  </insert>
  <insert id="insertSelective" parameterType="com.zheng.cms.dao.model.CmsCategoryTag">
    insert into cms_category_tag
    <trim prefix="(" suffix=")" suffixOverrides=",">
      <if test="categoryTagId != null">
        category_tag_id,
      </if>
      <if test="categoryId != null">
        category_id,
      </if>
      <if test="tagId != null">
        tag_id,
      </if>
    </trim>
    <trim prefix="values (" suffix=")" suffixOverrides=",">
      <if test="categoryTagId != null">
        #{categoryTagId,jdbcType=INTEGER},
      </if>
      <if test="categoryId != null">
        #{categoryId,jdbcType=INTEGER},
      </if>
      <if test="tagId != null">
        #{tagId,jdbcType=INTEGER},
      </if>
    </trim>
  </insert>
  <select id="countByExample" parameterType="com.zheng.cms.dao.model.CmsCategoryTagExample" resultType="java.lang.Long">
    select count(*) from cms_category_tag
    <if test="_parameter != null">
      <include refid="Example_Where_Clause" />
    </if>
  </select>
  <update id="updateByExampleSelective" parameterType="map">
    update cms_category_tag
    <set>
      <if test="record.categoryTagId != null">
        category_tag_id = #{record.categoryTagId,jdbcType=INTEGER},
      </if>
      <if test="record.categoryId != null">
        category_id = #{record.categoryId,jdbcType=INTEGER},
      </if>
      <if test="record.tagId != null">
        tag_id = #{record.tagId,jdbcType=INTEGER},
      </if>
    </set>
    <if test="_parameter != null">
      <include refid="Update_By_Example_Where_Clause" />
    </if>
  </update>
  <update id="updateByExample" parameterType="map">
    update cms_category_tag
    set category_tag_id = #{record.categoryTagId,jdbcType=INTEGER},
      category_id = #{record.categoryId,jdbcType=INTEGER},
      tag_id = #{record.tagId,jdbcType=INTEGER}
    <if test="_parameter != null">
      <include refid="Update_By_Example_Where_Clause" />
    </if>
  </update>
  <update id="updateByPrimaryKeySelective" parameterType="com.zheng.cms.dao.model.CmsCategoryTag">
    update cms_category_tag
    <set>
      <if test="categoryId != null">
        category_id = #{categoryId,jdbcType=INTEGER},
      </if>
      <if test="tagId != null">
        tag_id = #{tagId,jdbcType=INTEGER},
      </if>
    </set>
    where category_tag_id = #{categoryTagId,jdbcType=INTEGER}
  </update>
  <update id="updateByPrimaryKey" parameterType="com.zheng.cms.dao.model.CmsCategoryTag">
    update cms_category_tag
    set category_id = #{categoryId,jdbcType=INTEGER},
      tag_id = #{tagId,jdbcType=INTEGER}
    where category_tag_id = #{categoryTagId,jdbcType=INTEGER}
  </update>
  <cache type="org.mybatis.caches.ehcache.LoggingEhcache" />
</mapper>