<?xml version="1.0" encoding="UTF-8"?>
<!DOCTYPE mapper PUBLIC "-//mybatis.org//DTD Mapper 3.0//EN" "http://mybatis.org/dtd/mybatis-3-mapper.dtd">
<mapper namespace="com.zheng.cms.dao.mapper.CmsPageMapper">
  <resultMap id="BaseResultMap" type="com.zheng.cms.dao.model.CmsPage">
    <id column="page_id" jdbcType="INTEGER" property="pageId" />
    <result column="pid" jdbcType="INTEGER" property="pid" />
    <result column="title" jdbcType="VARCHAR" property="title" />
    <result column="alias" jdbcType="VARCHAR" property="alias" />
    <result column="keywords" jdbcType="VARCHAR" property="keywords" />
    <result column="description" jdbcType="VARCHAR" property="description" />
    <result column="ctime" jdbcType="BIGINT" property="ctime" />
    <result column="orders" jdbcType="BIGINT" property="orders" />
  </resultMap>
  <resultMap extends="BaseResultMap" id="ResultMapWithBLOBs" type="com.zheng.cms.dao.model.CmsPage">
    <result column="content" jdbcType="LONGVARCHAR" property="content" />
  </resultMap>
  <sql id="Example_Where_Clause">
    <where>
      <foreach collection="oredCriteria" item="criteria" separator="or">
        <if test="criteria.valid">
          <trim prefix="(" prefixOverrides="and" suffix=")">
            <foreach collection="criteria.criteria" item="criterion">
              <choose>
                <when test="criterion.noValue">
                  and ${criterion.condition}
                </when>
                <when test="criterion.singleValue">
                  and ${criterion.condition} #{criterion.value}
                </when>
                <when test="criterion.betweenValue">
                  and ${criterion.condition} #{criterion.value} and #{criterion.secondValue}
                </when>
                <when test="criterion.listValue">
                  and ${criterion.condition}
                  <foreach close=")" collection="criterion.value" item="listItem" open="(" separator=",">
                    #{listItem}
                  </foreach>
                </when>
              </choose>
            </foreach>
          </trim>
        </if>
      </foreach>
    </where>
  </sql>
  <sql id="Update_By_Example_Where_Clause">
    <where>
      <foreach collection="example.oredCriteria" item="criteria" separator="or">
        <if test="criteria.valid">
          <trim prefix="(" prefixOverrides="and" suffix=")">
            <foreach collection="criteria.criteria" item="criterion">
              <choose>
                <when test="criterion.noValue">
                  and ${criterion.condition}
                </when>
                <when test="criterion.singleValue">
                  and ${criterion.condition} #{criterion.value}
                </when>
                <when test="criterion.betweenValue">
                  and ${criterion.condition} #{criterion.value} and #{criterion.secondValue}
                </when>
                <when test="criterion.listValue">
                  and ${criterion.condition}
                  <foreach close=")" collection="criterion.value" item="listItem" open="(" separator=",">
                    #{listItem}
                  </foreach>
                </when>
              </choose>
            </foreach>
          </trim>
        </if>
      </foreach>
    </where>
  </sql>
  <sql id="Base_Column_List">
    page_id, pid, title, alias, keywords, description, ctime, orders
  </sql>
  <sql id="Blob_Column_List">
    content
  </sql>
  <select id="selectByExampleWithBLOBs" parameterType="com.zheng.cms.dao.model.CmsPageExample" resultMap="ResultMapWithBLOBs">
    select
    <if test="distinct">
      distinct
    </if>
    <include refid="Base_Column_List" />
    ,
    <include refid="Blob_Column_List" />
    from cms_page
    <if test="_parameter != null">
      <include refid="Example_Where_Clause" />
    </if>
    <if test="orderByClause != null">
      order by ${orderByClause}
    </if>
  </select>
  <select id="selectByExample" parameterType="com.zheng.cms.dao.model.CmsPageExample" resultMap="BaseResultMap">
    select
    <if test="distinct">
      distinct
    </if>
    <include refid="Base_Column_List" />
    from cms_page
    <if test="_parameter != null">
      <include refid="Example_Where_Clause" />
    </if>
    <if test="orderByClause != null">
      order by ${orderByClause}
    </if>
  </select>
  <select id="selectByPrimaryKey" parameterType="java.lang.Integer" resultMap="ResultMapWithBLOBs">
    select 
    <include refid="Base_Column_List" />
    ,
    <include refid="Blob_Column_List" />
    from cms_page
    where page_id = #{pageId,jdbcType=INTEGER}
  </select>
  <delete id="deleteByPrimaryKey" parameterType="java.lang.Integer">
    delete from cms_page
    where page_id = #{pageId,jdbcType=INTEGER}
  </delete>
  <delete id="deleteByExample" parameterType="com.zheng.cms.dao.model.CmsPageExample">
    delete from cms_page
    <if test="_parameter != null">
      <include refid="Example_Where_Clause" />
    </if>
  </delete>
  <insert id="insert" parameterType="com.zheng.cms.dao.model.CmsPage">
    insert into cms_page (page_id, pid, title, 
      alias, keywords, description, 
      ctime, orders, content
      )
    values (#{pageId,jdbcType=INTEGER}, #{pid,jdbcType=INTEGER}, #{title,jdbcType=VARCHAR}, 
      #{alias,jdbcType=VARCHAR}, #{keywords,jdbcType=VARCHAR}, #{description,jdbcType=VARCHAR}, 
      #{ctime,jdbcType=BIGINT}, #{orders,jdbcType=BIGINT}, #{content,jdbcType=LONGVARCHAR}
      )
  </insert>
  <insert id="insertSelective" parameterType="com.zheng.cms.dao.model.CmsPage">
    insert into cms_page
    <trim prefix="(" suffix=")" suffixOverrides=",">
      <if test="pageId != null">
        page_id,
      </if>
      <if test="pid != null">
        pid,
      </if>
      <if test="title != null">
        title,
      </if>
      <if test="alias != null">
        alias,
      </if>
      <if test="keywords != null">
        keywords,
      </if>
      <if test="description != null">
        description,
      </if>
      <if test="ctime != null">
        ctime,
      </if>
      <if test="orders != null">
        orders,
      </if>
      <if test="content != null">
        content,
      </if>
    </trim>
    <trim prefix="values (" suffix=")" suffixOverrides=",">
      <if test="pageId != null">
        #{pageId,jdbcType=INTEGER},
      </if>
      <if test="pid != null">
        #{pid,jdbcType=INTEGER},
      </if>
      <if test="title != null">
        #{title,jdbcType=VARCHAR},
      </if>
      <if test="alias != null">
        #{alias,jdbcType=VARCHAR},
      </if>
      <if test="keywords != null">
        #{keywords,jdbcType=VARCHAR},
      </if>
      <if test="description != null">
        #{description,jdbcType=VARCHAR},
      </if>
      <if test="ctime != null">
        #{ctime,jdbcType=BIGINT},
      </if>
      <if test="orders != null">
        #{orders,jdbcType=BIGINT},
      </if>
      <if test="content != null">
        #{content,jdbcType=LONGVARCHAR},
      </if>
    </trim>
  </insert>
  <select id="countByExample" parameterType="com.zheng.cms.dao.model.CmsPageExample" resultType="java.lang.Long">
    select count(*) from cms_page
    <if test="_parameter != null">
      <include refid="Example_Where_Clause" />
    </if>
  </select>
  <update id="updateByExampleSelective" parameterType="map">
    update cms_page
    <set>
      <if test="record.pageId != null">
        page_id = #{record.pageId,jdbcType=INTEGER},
      </if>
      <if test="record.pid != null">
        pid = #{record.pid,jdbcType=INTEGER},
      </if>
      <if test="record.title != null">
        title = #{record.title,jdbcType=VARCHAR},
      </if>
      <if test="record.alias != null">
        alias = #{record.alias,jdbcType=VARCHAR},
      </if>
      <if test="record.keywords != null">
        keywords = #{record.keywords,jdbcType=VARCHAR},
      </if>
      <if test="record.description != null">
        description = #{record.description,jdbcType=VARCHAR},
      </if>
      <if test="record.ctime != null">
        ctime = #{record.ctime,jdbcType=BIGINT},
      </if>
      <if test="record.orders != null">
        orders = #{record.orders,jdbcType=BIGINT},
      </if>
      <if test="record.content != null">
        content = #{record.content,jdbcType=LONGVARCHAR},
      </if>
    </set>
    <if test="_parameter != null">
      <include refid="Update_By_Example_Where_Clause" />
    </if>
  </update>
  <update id="updateByExampleWithBLOBs" parameterType="map">
    update cms_page
    set page_id = #{record.pageId,jdbcType=INTEGER},
      pid = #{record.pid,jdbcType=INTEGER},
      title = #{record.title,jdbcType=VARCHAR},
      alias = #{record.alias,jdbcType=VARCHAR},
      keywords = #{record.keywords,jdbcType=VARCHAR},
      description = #{record.description,jdbcType=VARCHAR},
      ctime = #{record.ctime,jdbcType=BIGINT},
      orders = #{record.orders,jdbcType=BIGINT},
      content = #{record.content,jdbcType=LONGVARCHAR}
    <if test="_parameter != null">
      <include refid="Update_By_Example_Where_Clause" />
    </if>
  </update>
  <update id="updateByExample" parameterType="map">
    update cms_page
    set page_id = #{record.pageId,jdbcType=INTEGER},
      pid = #{record.pid,jdbcType=INTEGER},
      title = #{record.title,jdbcType=VARCHAR},
      alias = #{record.alias,jdbcType=VARCHAR},
      keywords = #{record.keywords,jdbcType=VARCHAR},
      description = #{record.description,jdbcType=VARCHAR},
      ctime = #{record.ctime,jdbcType=BIGINT},
      orders = #{record.orders,jdbcType=BIGINT}
    <if test="_parameter != null">
      <include refid="Update_By_Example_Where_Clause" />
    </if>
  </update>
  <update id="updateByPrimaryKeySelective" parameterType="com.zheng.cms.dao.model.CmsPage">
    update cms_page
    <set>
      <if test="pid != null">
        pid = #{pid,jdbcType=INTEGER},
      </if>
      <if test="title != null">
        title = #{title,jdbcType=VARCHAR},
      </if>
      <if test="alias != null">
        alias = #{alias,jdbcType=VARCHAR},
      </if>
      <if test="keywords != null">
        keywords = #{keywords,jdbcType=VARCHAR},
      </if>
      <if test="description != null">
        description = #{description,jdbcType=VARCHAR},
      </if>
      <if test="ctime != null">
        ctime = #{ctime,jdbcType=BIGINT},
      </if>
      <if test="orders != null">
        orders = #{orders,jdbcType=BIGINT},
      </if>
      <if test="content != null">
        content = #{content,jdbcType=LONGVARCHAR},
      </if>
    </set>
    where page_id = #{pageId,jdbcType=INTEGER}
  </update>
  <update id="updateByPrimaryKeyWithBLOBs" parameterType="com.zheng.cms.dao.model.CmsPage">
    update cms_page
    set pid = #{pid,jdbcType=INTEGER},
      title = #{title,jdbcType=VARCHAR},
      alias = #{alias,jdbcType=VARCHAR},
      keywords = #{keywords,jdbcType=VARCHAR},
      description = #{description,jdbcType=VARCHAR},
      ctime = #{ctime,jdbcType=BIGINT},
      orders = #{orders,jdbcType=BIGINT},
      content = #{content,jdbcType=LONGVARCHAR}
    where page_id = #{pageId,jdbcType=INTEGER}
  </update>
  <update id="updateByPrimaryKey" parameterType="com.zheng.cms.dao.model.CmsPage">
    update cms_page
    set pid = #{pid,jdbcType=INTEGER},
      title = #{title,jdbcType=VARCHAR},
      alias = #{alias,jdbcType=VARCHAR},
      keywords = #{keywords,jdbcType=VARCHAR},
      description = #{description,jdbcType=VARCHAR},
      ctime = #{ctime,jdbcType=BIGINT},
      orders = #{orders,jdbcType=BIGINT}
    where page_id = #{pageId,jdbcType=INTEGER}
  </update>
  <cache type="org.mybatis.caches.ehcache.LoggingEhcache" />
</mapper>